﻿<?xml version="1.0" encoding="utf-8"?>
<DacOrigin xmlns="http://schemas.microsoft.com/sqlserver/dac/Serialization/2012/02">
  <PackageProperties>
    <Version>3.1.0.0</Version>
    <ContainsExportedData>true</ContainsExportedData>
    <StreamVersions>
      <Version StreamName="Data">2.0.0.0</Version>
      <Version StreamName="DeploymentContributors">1.0.0.0</Version>
    </StreamVersions>
  </PackageProperties>
  <Operation>
    <Identity>2d989bb8-6bb5-40f2-ae4b-d3a9906da564</Identity>
    <Start>2023-04-27T18:52:18.6075128-05:00</Start>
    <End>0001-01-01T00:00:00.0000000</End>
    <ProductName>Microsoft.SqlServer.Dac, Version=15.0.0.0, Culture=neutral, PublicKeyToken=b03f5f7f11d50a3a</ProductName>
    <ProductVersion>15.0.5282.3</ProductVersion>
    <ProductSchema>http://schemas.microsoft.com/sqlserver/dac/Serialization/2012/02</ProductSchema>
  </Operation>
  <Server>
    <ServerVersion>Microsoft SQL Server 2019 (RTM) - 15.0.2000.5 (X64) 
	Sep 24 2019 13:48:23 
	Copyright (C) 2019 Microsoft Corporation
	Express Edition (64-bit) on Windows 10 Home Single Language 10.0 &lt;X64&gt; (Build 19044: )
</ServerVersion>
    <ObjectCounts>
      <DatabaseOptions>1</DatabaseOptions>
      <PermissionStatement>2</PermissionStatement>
      <PrimaryKeyConstraint>1</PrimaryKeyConstraint>
      <SimpleColumn>5</SimpleColumn>
      <Table>1</Table>
    </ObjectCounts>
  </Server>
  <ExportStatistics>
    <SourceDatabaseSize>11000</SourceDatabaseSize>
    <TableRowCountTotalTag>1</TableRowCountTotalTag>
  </ExportStatistics>
  <Checksums>
    <Checksum Uri="/model.xml">68BE5630D81292D8BE213BA72297E477B5A6C880E271E11B90C1F533282C220E</Checksum>
  </Checksums>
  <ModelSchemaVersion>2.9</ModelSchemaVersion>
</DacOrigin>