﻿<?xml version="1.0" encoding="utf-8"?>
<DacOrigin xmlns="http://schemas.microsoft.com/sqlserver/dac/Serialization/2012/02">
  <PackageProperties>
    <Version>3.1.0.0</Version>
    <ContainsExportedData>true</ContainsExportedData>
    <StreamVersions>
      <Version StreamName="Data">2.0.0.0</Version>
      <Version StreamName="DeploymentContributors">1.0.0.0</Version>
    </StreamVersions>
  </PackageProperties>
  <Operation>
    <Identity>95b924cf-f093-4b4e-998d-68c74f6b4482</Identity>
    <Start>2023-05-15T18:08:51.4662400-05:00</Start>
    <End>0001-01-01T00:00:00.0000000</End>
    <ProductName>Microsoft.SqlServer.Dac, Version=15.0.0.0, Culture=neutral, PublicKeyToken=b03f5f7f11d50a3a</ProductName>
    <ProductVersion>15.0.5282.3</ProductVersion>
    <ProductSchema>http://schemas.microsoft.com/sqlserver/dac/Serialization/2012/02</ProductSchema>
  </Operation>
  <Server>
    <ServerVersion>Microsoft SQL Server 2019 (RTM) - 15.0.2000.5 (X64) 
	Sep 24 2019 13:48:23 
	Copyright (C) 2019 Microsoft Corporation
	Express Edition (64-bit) on Windows 10 Home Single Language 10.0 &lt;X64&gt; (Build 19044: )
</ServerVersion>
    <ObjectCounts>
      <DatabaseOptions>1</DatabaseOptions>
      <ForeignKeyConstraint>7</ForeignKeyConstraint>
      <PermissionStatement>2</PermissionStatement>
      <PrimaryKeyConstraint>9</PrimaryKeyConstraint>
      <SimpleColumn>37</SimpleColumn>
      <Table>9</Table>
    </ObjectCounts>
  </Server>
  <ExportStatistics>
    <SourceDatabaseSize>11640</SourceDatabaseSize>
    <TableRowCountTotalTag>16</TableRowCountTotalTag>
  </ExportStatistics>
  <Checksums>
    <Checksum Uri="/model.xml">38EFE59AF89F4373A89CBB45A6D2656F908230041FDA0936BEC4D1D1207E6C90</Checksum>
  </Checksums>
  <ModelSchemaVersion>2.9</ModelSchemaVersion>
</DacOrigin>